timestamp,target_x,target_y,gaze_x,gaze_y,error_x,error_y,error_distance,target_index
1763690695.02496,226,147,705,441,479,294,562.0293586637623,0
1763690695.0606358,226,147,712,441,486,294,568.0070422098655,0
1763690695.098925,226,147,731,331,505,184,537.4765111146719,0
1763690695.133457,226,147,727,427,501,280,573.934665271231,0
1763690695.17557,226,147,705,448,479,301,565.7225468372284,0
1763690695.209855,226,147,712,445,486,298,570.087712549569,0
1763690695.246588,226,147,705,448,479,301,565.7225468372284,0
1763690695.282814,226,147,705,437,479,290,559.9473189506313,0
1763690695.31927,226,147,699,434,473,287,553.2612402834668,0
1763690695.354516,226,147,683,409,457,262,526.7760434947663,0
1763690695.3914702,226,147,696,274,470,127,486.8562416155307,0
1763690695.426132,226,147,692,413,466,266,536.5743191767567,0
1763690695.461256,226,147,705,434,479,287,558.3994985671101,0
1763690695.498556,226,147,696,274,470,127,486.8562416155307,0
1763690695.5354471,226,147,686,391,460,244,520.7072113961933,0
1763690695.570849,226,147,746,365,520,218,563.8474971124728,0
1763690695.607402,226,147,975,342,749,195,773.9676995844206,0
1763690695.641694,226,147,683,420,457,273,532.3326027964096,0
1763690695.683415,226,147,702,445,476,298,561.5870368874267,0
1763690695.7199922,226,147,702,430,476,283,553.7734193693301,0
1763690695.754635,226,147,689,430,463,283,542.639843726942,0
1763690695.793015,226,147,676,398,450,251,515.2678914894659,0
1763690695.827771,226,147,680,427,454,280,533.4004124482844,0
1763690695.868364,226,147,683,434,457,287,539.6461803811827,0
1763690695.904116,226,147,673,430,447,283,529.0538724931516,0
1763690695.9391592,226,147,676,406,450,259,519.2119027911436,0
1763690695.976635,226,147,686,459,460,312,555.8273113117059,0
1763690696.010303,226,147,683,473,457,326,561.3599558215744,0
1763690696.048304,226,147,673,387,447,240,507.35490536704185,0
1763690696.089272,226,147,673,409,447,262,518.1245024123064,0
1763690696.1253781,226,147,670,413,444,266,517.5828436105663,0
1763690696.16186,226,147,667,423,441,276,520.2470566951821,0
1763690696.197953,226,147,667,376,441,229,496.9124671408436,0
1763690696.233292,226,147,667,361,441,214,490.1805789706483,0
1763690696.275999,226,147,680,430,454,283,534.9813080846844,0
1763690696.319369,226,147,692,441,466,294,550.9918329703263,0
1763690696.356378,226,147,680,427,454,280,533.4004124482844,0
1763690696.3924181,226,147,683,448,457,301,547.2202481633881,0
1763690696.426974,226,147,683,452,457,305,549.4306143636337,0
1763690696.470378,226,147,696,488,470,341,580.6728855388376,0
1763690696.506562,226,147,702,512,476,365,599.8341437430851,0
1763690696.553654,226,147,705,498,479,351,593.8366778837427,0
1763690696.5904682,226,147,721,544,495,397,634.5344750287411,0
1763690696.629229,226,147,721,544,495,397,634.5344750287411,0
1763690696.671276,226,147,721,548,495,401,637.0447394021867,0
1763690696.713813,226,147,715,555,489,408,636.8555566217508,0
1763690696.756969,226,147,718,544,492,397,632.196962979102,0
1763690696.7969549,226,147,721,516,495,369,617.4026239011298,0
1763690696.8350668,226,147,715,544,489,397,629.8650649147006,0
1763690696.872143,226,147,727,413,501,266,567.23628233744,0
1763690696.909877,226,147,699,448,473,301,560.6514068474278,0
1763690696.947052,226,147,731,395,505,248,562.6091005307326,0
1763690696.982344,226,147,721,361,495,214,539.2782213292134,0
1763690697.018665,756,147,676,342,-80,195,210.77238908357992,1
1763690697.056011,756,147,673,365,-83,218,233.2659426491574,1
1763690697.092345,756,147,667,427,-89,280,293.8043566729398,1
1763690697.130465,756,147,670,448,-86,301,313.0447252390623,1
1763690697.166761,756,147,670,452,-86,305,316.89272632864265,1
1763690697.2071948,756,147,670,455,-86,308,319.7811751807789,1
1763690697.244163,756,147,667,427,-89,280,293.8043566729398,1
1763690697.287217,756,147,724,346,-32,199,201.55644370746373,1
1763690697.32445,756,147,663,395,-93,248,264.86411610484345,1
1763690697.368692,756,147,663,372,-93,225,243.46252278328177,1
1763690697.407464,756,147,663,391,-93,244,261.1225765804252,1
1763690697.446534,756,147,667,423,-89,276,289.99482754007875,1
1763690697.4822369,756,147,667,376,-89,229,245.68679248181007,1
1763690697.5173209,756,147,667,420,-89,273,287.14108030722457,1
1763690697.558078,756,147,673,481,-83,334,344.15839376659113,1
1763690697.597147,756,147,663,376,-93,229,247.1639132235934,1
1763690697.634739,756,147,663,369,-93,222,240.69275020241054,1
1763690697.671476,756,147,663,358,-93,211,230.58620947489467,1
1763690697.7070808,756,147,663,452,-93,305,318.86360720533787,1
1763690697.7422662,756,147,667,369,-89,222,239.17566765873153,1
1763690697.783039,756,147,667,427,-89,280,293.8043566729398,1
1763690697.823051,756,147,667,387,-89,240,255.9707014484275,1
1763690697.8604832,756,147,667,413,-89,266,280.49420671379295,1
1763690697.9029388,756,147,670,391,-86,244,258.7121953059036,1
1763690697.9383922,756,147,670,409,-86,262,275.7535131235865,1
1763690697.974624,756,147,670,358,-86,211,227.85302280198084,1
1763690698.01506,756,147,680,491,-76,344,352.29533065313257,1
1763690698.054261,756,147,667,395,-89,248,263.48624252510797,1
1763690698.0910962,756,147,667,406,-89,259,273.86493021195685,1
1763690698.134506,756,147,667,372,-89,225,241.96280705926685,1
1763690698.171088,756,147,667,420,-89,273,287.14108030722457,1
1763690698.207076,756,147,667,413,-89,266,280.49420671379295,1
1763690698.2472498,756,147,667,395,-89,248,263.48624252510797,1
1763690698.283045,756,147,667,413,-89,266,280.49420671379295,1
1763690698.3270469,756,147,667,387,-89,240,255.9707014484275,1
1763690698.3657432,756,147,667,409,-89,262,276.70381276737044,1
1763690698.402842,756,147,667,376,-89,229,245.68679248181007,1
1763690698.438781,756,147,667,339,-89,192,211.62466774929618,1
1763690698.474596,756,147,667,346,-89,199,217.9954127957742,1
1763690698.512544,756,147,667,354,-89,207,225.32199182503248,1
1763690698.550763,756,147,667,350,-89,203,221.65288177689007,1
1763690698.588496,756,147,670,395,-86,248,262.48809496813374,1
1763690698.629368,756,147,670,391,-86,244,258.7121953059036,1
1763690698.6664782,756,147,673,427,-83,280,292.04280508172087,1
1763690698.702954,756,147,670,387,-86,240,254.94313091354314,1
1763690698.74287,756,147,667,391,-89,244,259.724854413281,1
1763690698.779847,756,147,667,365,-89,218,235.46761985462035,1
1763690698.818527,756,147,667,409,-89,262,276.70381276737044,1
1763690698.858418,756,147,667,376,-89,229,245.68679248181007,1
1763690698.9030359,756,147,670,395,-86,248,262.48809496813374,1
1763690698.939028,756,147,667,402,-89,255,270.085171751431,1
1763690698.978168,756,147,667,369,-89,222,239.17566765873153,1
1763690699.019281,1286,147,667,350,-619,203,651.436873380683,2
1763690699.067633,1286,147,670,395,-616,248,664.0481910223083,2
1763690699.106842,1286,147,667,413,-619,266,673.7336268882532,2
1763690699.143326,1286,147,667,376,-619,229,660.001515149776,2
1763690699.1801758,1286,147,667,384,-619,237,662.8197341660854,2
1763690699.222917,1286,147,705,346,-581,199,614.135164275748,2
1763690699.260931,1286,147,663,354,-623,207,656.4891469019119,2
1763690699.3031511,1286,147,663,395,-623,248,670.5467918050164,2
1763690699.341006,1286,147,663,354,-623,207,656.4891469019119,2
1763690699.3802931,1286,147,718,289,-568,142,585.4809988377078,2
1763690699.415593,1286,147,667,391,-619,244,665.3547925731053,2
1763690699.452835,1286,147,667,380,-619,233,661.4000302388865,2
1763690699.491005,1286,147,670,427,-616,280,676.650574521296,2
1763690699.531682,1286,147,670,402,-616,255,666.6940827696013,2
1763690699.5751889,1286,147,667,423,-619,276,677.744051984228,2
1763690699.6119099,1286,147,670,430,-616,283,677.89748487511,2
1763690699.6496089,1286,147,676,452,-610,305,682.0007331374359,2
1763690699.684855,1286,147,676,437,-610,290,675.4257916307313,2
1763690699.7236538,1286,147,680,441,-606,294,673.5517797467393,2
1763690699.763694,1286,147,563,203,-723,56,725.1654983519279,2
1763690699.80723,1286,147,683,445,-603,298,672.6165326543795,2
1763690699.844151,1286,147,680,441,-606,294,673.5517797467393,2
1763690699.886679,1286,147,676,417,-610,270,667.0832032063167,2
1763690699.924667,1286,147,683,448,-603,301,673.9510367971845,2
1763690699.9618292,1286,147,670,387,-616,240,661.1021101161302,2
1763690700.002306,1286,147,670,402,-616,255,666.6940827696013,2
1763690700.038891,1286,147,673,417,-613,270,669.8275897572449,2
1763690700.078806,1286,147,670,409,-616,262,669.4027188471824,2
1763690700.117325,1286,147,670,406,-616,259,668.2342403678518,2
1763690700.154944,1286,147,667,376,-619,229,660.001515149776,2
1763690700.1910021,1286,147,663,384,-623,237,666.5568242843216,2
1763690700.230554,1286,147,724,316,-562,169,586.8602900179906,2
1763690700.2667148,1286,147,660,342,-626,195,655.6683612925059,2
1763690700.3032162,1286,147,660,327,-626,180,651.3647211816127,2
1763690700.339862,1286,147,670,246,-616,99,623.9046401494383,2
1763690700.375515,1286,147,660,361,-626,214,661.5678347682874,2
1763690700.414548,1286,147,663,339,-623,192,651.9148717432362,2
1763690700.4545548,1286,147,667,312,-619,165,640.6137681942217,2
1763690700.495157,1286,147,667,376,-619,229,660.001515149776,2
1763690700.532649,1286,147,663,346,-623,199,654.0107032763302,2
1763690700.570168,1286,147,660,335,-626,188,653.6206851071958,2
1763690700.6072981,1286,147,667,258,-619,111,628.8735962019713,2
1763690700.6445272,1286,147,663,270,-623,123,635.0259837203514,2
1763690700.687275,1286,147,667,234,-619,87,625.0839943559586,2
1763690700.724607,1286,147,833,452,-453,305,546.1080479172597,2
1763690700.7671192,1286,147,863,427,-423,280,507.2760589659244,2
1763690700.8061938,1286,147,878,417,-408,270,489.24840316550853,2
1763690700.844966,1286,147,869,423,-417,276,500.06499577554916,2
1763690700.8939378,1286,147,878,413,-408,266,487.05235858170323,2
1763690700.92996,1286,147,1501,981,215,834,861.2670898159292,2
1763690700.9649448,1286,147,1491,981,205,834,858.8253605943411,2
1763690701.0024781,1286,147,1481,981,195,834,856.4934325492519,2
1763690701.043812,226,491,1476,981,1250,490,1342.6093996393738,3
1763690701.081364,226,491,1478,981,1252,490,1344.4716434346988,3
1763690701.120422,226,491,1481,981,1255,490,1347.2657495832068,3
1763690701.1568499,226,491,1483,981,1257,490,1349.1289782670892,3
1763690701.194761,226,491,1478,981,1252,490,1344.4716434346988,3
1763690701.229892,226,491,1476,981,1250,490,1342.6093996393738,3
1763690701.269727,226,491,1468,981,1242,490,1335.1644093518971,3
1763690701.3081222,226,491,1471,981,1245,490,1337.9555299037409,3
1763690701.3496268,226,491,1434,981,1208,490,1303.596563358465,3
1763690701.388941,226,491,1369,981,1143,490,1243.6032325464582,3
1763690701.4267268,226,491,1367,981,1141,490,1241.7652757264555,3
1763690701.4683032,226,491,1367,981,1141,490,1241.7652757264555,3
1763690701.506496,226,491,1364,981,1138,490,1239.0092816440076,3
1763690701.548237,226,491,1357,981,1131,490,1232.583060081551,3
1763690701.588405,226,491,1354,981,1128,490,1229.8308826826558,3
1763690701.625132,226,491,1354,981,1128,490,1229.8308826826558,3
1763690701.667955,226,491,1354,981,1128,490,1229.8308826826558,3
1763690701.710927,226,491,1357,981,1131,490,1232.583060081551,3
1763690701.749544,226,491,1349,981,1123,490,1225.2465058101573,3
1763690701.785161,226,491,1347,981,1121,490,1223.413666753809,3
1763690701.827049,226,491,1344,981,1118,490,1220.6653923168299,3
1763690701.869626,226,491,1342,981,1116,490,1218.8338689091306,3
1763690701.906443,226,491,1342,981,1116,490,1218.8338689091306,3
1763690701.942858,226,491,1344,981,1118,490,1220.6653923168299,3
1763690701.982319,226,491,1347,981,1121,490,1223.413666753809,3
1763690702.020554,226,491,1344,981,1118,490,1220.6653923168299,3
1763690702.062598,226,491,1342,981,1116,490,1218.8338689091306,3
1763690702.1009731,226,491,1339,981,1113,490,1216.0875790830198,3
1763690702.138176,226,491,1337,981,1111,490,1214.2573862241893,3
1763690702.17438,226,491,1334,981,1108,490,1211.5131035197267,3
1763690702.216012,226,491,1332,981,1106,490,1209.684256324765,3
1763690702.2525709,226,491,1332,981,1106,490,1209.684256324765,3
1763690702.294998,226,491,1332,981,1106,490,1209.684256324765,3
1763690702.332702,226,491,1327,981,1101,490,1205.1145173799873,3
1763690702.370176,226,491,1321,981,1095,490,1199.6353612660807,3
1763690702.413795,226,491,1319,981,1093,490,1197.8100851136628,3
1763690702.450767,226,491,1319,981,1093,490,1197.8100851136628,3
1763690702.49379,226,491,1319,981,1093,490,1197.8100851136628,3
1763690702.529064,226,491,1316,981,1090,490,1195.0732195141852,3
1763690702.5666718,226,491,1314,981,1088,490,1193.2493452753286,3
1763690702.603629,226,491,1311,981,1085,490,1190.5145946186465,3
1763690702.647027,226,491,1306,981,1080,490,1185.9595271340418,3
1763690702.686888,226,491,1301,981,1075,490,1181.4080582085091,3
1763690702.723115,226,491,1301,981,1075,490,1181.4080582085091,3
1763690702.760652,226,491,1304,981,1078,490,1184.1385054122682,3
1763690702.7995672,226,491,1309,981,1083,490,1188.6921384446016,3
1763690702.8395321,226,491,1316,981,1090,490,1195.0732195141852,3
1763690702.876396,226,491,1329,981,1103,490,1206.9420035776368,3
1763690702.919193,226,491,1339,981,1113,490,1216.0875790830198,3
1763690702.9549282,226,491,1342,981,1116,490,1218.8338689091306,3
1763690702.998369,226,491,1337,981,1111,490,1214.2573862241893,3
1763690703.0358899,226,491,1327,981,1101,490,1205.1145173799873,3
1763690703.0733812,756,491,1316,981,560,490,744.1102068914255,4
1763690703.117225,756,491,1311,981,555,490,740.3546447480423,4
1763690703.154322,756,491,1314,981,558,490,742.6062213582646,4
1763690703.196608,756,491,1319,981,563,490,746.3705514019159,4
1763690703.2337658,756,491,1324,981,568,490,750.1493184693298,4
1763690703.27629,756,491,1329,981,573,490,753.9423054849755,4
1763690703.3145359,756,491,1329,981,573,490,753.9423054849755,4
1763690703.350574,756,491,1329,981,573,490,753.9423054849755,4
1763690703.387617,756,491,1369,981,613,490,784.7732156489542,4
1763690703.428812,756,491,1409,981,653,490,816.4000244977948,4
1763690703.471505,756,491,1406,981,650,490,814.0024569987488,4
1763690703.5092978,756,491,1406,981,650,490,814.0024569987488,4
1763690703.547102,756,491,1409,981,653,490,816.4000244977948,4
1763690703.5822458,756,491,1409,981,653,490,816.4000244977948,4
1763690703.6216152,756,491,1411,981,655,490,818.0006112467154,4
1763690703.662949,756,491,1409,981,653,490,816.4000244977948,4
1763690703.6992269,756,491,1406,981,650,490,814.0024569987488,4
1763690703.742929,756,491,1399,981,643,490,808.4237750091223,4
1763690703.7796302,756,491,1397,981,641,490,806.8339358257064,4
1763690703.821891,756,491,1397,981,641,490,806.8339358257064,4
1763690703.867724,756,491,1399,981,643,490,808.4237750091223,4
1763690703.910526,756,491,1397,981,641,490,806.8339358257064,4
1763690703.946934,756,491,1394,981,638,490,804.4526089211222,4
1763690703.981607,756,491,1394,981,638,490,804.4526089211222,4
1763690704.018761,756,491,1392,981,636,490,802.8673613991292,4
1763690704.062093,756,491,1389,981,633,490,800.492973110945,4
1763690704.102612,756,491,1387,981,631,490,798.9123856844378,4
1763690704.147798,756,491,1392,981,636,490,802.8673613991292,4
1763690704.19138,756,491,1394,981,638,490,804.4526089211222,4
1763690704.2314198,756,491,1399,981,643,490,808.4237750091223,4
1763690704.268459,756,491,1399,981,643,490,808.4237750091223,4
1763690704.310365,756,491,1397,981,641,490,806.8339358257064,4
1763690704.346397,756,491,1394,981,638,490,804.4526089211222,4
1763690704.3824892,756,491,1394,981,638,490,804.4526089211222,4
1763690704.419817,756,491,1397,981,641,490,806.8339358257064,4
1763690704.4627872,756,491,1399,981,643,490,808.4237750091223,4
1763690704.5007942,756,491,1399,981,643,490,808.4237750091223,4
1763690704.549265,756,491,1399,981,643,490,808.4237750091223,4
1763690704.5872571,756,491,1397,981,641,490,806.8339358257064,4
1763690704.622752,756,491,1401,981,645,490,810.0154319517623,4
1763690704.659443,756,491,1401,981,645,490,810.0154319517623,4
1763690704.6943512,756,491,1401,981,645,490,810.0154319517623,4
1763690704.7347999,756,491,1399,981,643,490,808.4237750091223,4
1763690704.7787561,756,491,1397,981,641,490,806.8339358257064,4
1763690704.8218439,756,491,1392,981,636,490,802.8673613991292,4
1763690704.8623822,756,491,1392,981,636,490,802.8673613991292,4
1763690704.90013,756,491,1394,981,638,490,804.4526089211222,4
1763690704.9386399,756,491,1397,981,641,490,806.8339358257064,4
1763690704.973418,756,491,1397,981,641,490,806.8339358257064,4
1763690705.0092402,756,491,1397,981,641,490,806.8339358257064,4
1763690705.0474958,756,491,1394,981,638,490,804.4526089211222,4
1763690705.085541,1286,491,1389,981,103,490,500.70849803054074,5
1763690705.122432,1286,491,1384,981,98,490,499.7039123320929,5
1763690705.1663659,1286,491,1382,981,96,490,499.31553150287647,5
1763690705.206589,1286,491,1382,981,96,490,499.31553150287647,5
1763690705.24267,1286,491,1384,981,98,490,499.7039123320929,5
1763690705.286122,1286,491,1384,981,98,490,499.7039123320929,5
1763690705.3231602,1286,491,1387,981,101,490,500.3009094535008,5
1763690705.360944,1286,491,1461,981,175,490,520.3124061561477,5
1763690705.396265,1286,491,1464,981,178,490,521.3290707413121,5
1763690705.4343328,1286,491,1473,981,187,490,524.4702088774919,5
1763690705.474119,1286,491,1481,981,195,490,527.3755777432247,5
1763690705.518187,1286,491,1488,981,202,490,530.0037735714718,5
1763690705.5557702,1286,491,1496,981,210,490,533.1041174104736,5
1763690705.5929532,1286,491,1496,981,210,490,533.1041174104736,5
1763690705.62916,1286,491,1493,981,207,490,531.9295066077835,5
1763690705.666674,1286,491,1493,981,207,490,531.9295066077835,5
1763690705.7077608,1286,491,1493,981,207,490,531.9295066077835,5
1763690705.7461162,1286,491,1488,981,202,490,530.0037735714718,5
1763690705.7819269,1286,491,1488,981,202,490,530.0037735714718,5
1763690705.8179169,1286,491,1493,981,207,490,531.9295066077835,5
1763690705.852722,1286,491,1493,981,207,490,531.9295066077835,5
1763690705.8901188,1286,491,1493,981,207,490,531.9295066077835,5
1763690705.930222,1286,491,1491,981,205,490,531.1544031635245,5
1763690705.965699,1286,491,1486,981,200,490,529.2447448959697,5
1763690706.0020878,1286,491,1481,981,195,490,527.3755777432247,5
1763690706.04025,1286,491,1481,981,195,490,527.3755777432247,5
1763690706.076159,1286,491,1481,981,195,490,527.3755777432247,5
1763690706.1145852,1286,491,1478,981,192,490,526.2736930533389,5
1763690706.156346,1286,491,1478,981,192,490,526.2736930533389,5
1763690706.193865,1286,491,1478,981,192,490,526.2736930533389,5
1763690706.2291799,1286,491,1478,981,192,490,526.2736930533389,5
1763690706.265802,1286,491,1478,981,192,490,526.2736930533389,5
1763690706.300409,1286,491,1476,981,190,490,525.5473337388365,5
1763690706.338393,1286,491,1476,981,190,490,525.5473337388365,5
1763690706.380509,1286,491,1478,981,192,490,526.2736930533389,5
1763690706.417624,1286,491,1478,981,192,490,526.2736930533389,5
1763690706.454792,1286,491,1478,981,192,490,526.2736930533389,5
1763690706.492646,1286,491,1478,981,192,490,526.2736930533389,5
1763690706.528492,1286,491,1478,981,192,490,526.2736930533389,5
1763690706.56397,1286,491,1478,981,192,490,526.2736930533389,5
1763690706.6130948,1286,491,1481,981,195,490,527.3755777432247,5
1763690706.651733,1286,491,1478,981,192,490,526.2736930533389,5
1763690706.687466,1286,491,1476,981,190,490,525.5473337388365,5
1763690706.726204,1286,491,1471,981,185,490,523.7604414233667,5
1763690706.761947,1286,491,1468,981,182,490,522.7083316726452,5
1763690706.7991161,1286,491,1468,981,182,490,522.7083316726452,5
1763690706.83482,1286,491,1466,981,180,490,522.0153254455275,5
1763690706.878081,1286,491,1471,981,185,490,523.7604414233667,5
1763690706.9153159,1286,491,1471,981,185,490,523.7604414233667,5
1763690706.953334,1286,491,1473,981,187,490,524.4702088774919,5
1763690706.990346,1286,491,1478,981,192,490,526.2736930533389,5
1763690707.026096,1286,491,1478,981,192,490,526.2736930533389,5
1763690707.0679739,1286,491,1476,981,190,490,525.5473337388365,5
1763690707.105163,226,835,1473,981,1247,146,1255.5178214585408,6
1763690707.139984,226,835,1468,981,1242,146,1250.5518781721933,6
1763690707.177069,226,835,1466,981,1240,146,1248.565576972231,6
1763690707.214713,226,835,1466,981,1240,146,1248.565576972231,6
1763690707.254626,226,835,1468,981,1242,146,1250.5518781721933,6
1763690707.291025,226,835,1466,981,1240,146,1248.565576972231,6
1763690707.334982,226,835,1461,981,1235,146,1243.6000160823414,6
1763690707.3714712,226,835,1337,981,1111,146,1120.5520960669344,6
1763690707.409369,226,835,1304,981,1078,146,1087.8419002777932,6
1763690707.446213,226,835,1304,981,1078,146,1087.8419002777932,6
1763690707.483872,226,835,1304,981,1078,146,1087.8419002777932,6
1763690707.526078,226,835,1301,981,1075,146,1084.8691165297314,6
1763690707.5624802,226,835,1296,981,1070,146,1079.9148114550517,6
1763690707.5987918,226,835,1291,981,1065,146,1074.960929522557,6
1763690707.638735,226,835,1286,981,1060,146,1070.0074766093926,6
1763690707.67563,226,835,1271,981,1045,146,1055.1497524048423,6
1763690707.713398,226,835,1274,981,1048,146,1058.1209760703168,6
1763690707.755192,226,835,1276,981,1050,146,1060.1018818962639,6
1763690707.798966,226,835,1279,981,1053,146,1063.0733747018594,6
1763690707.835416,226,835,1276,981,1050,146,1060.1018818962639,6
1763690707.878261,226,835,1274,981,1048,146,1058.1209760703168,6
1763690707.917425,226,835,1268,981,1042,146,1052.178692048076,6
1763690707.953826,226,835,1268,981,1042,146,1052.178692048076,6
1763690707.995683,226,835,1271,981,1045,146,1055.1497524048423,6
1763690708.034631,226,835,1274,981,1048,146,1058.1209760703168,6
1763690708.0699232,226,835,1276,981,1050,146,1060.1018818962639,6
1763690708.109211,226,835,1276,981,1050,146,1060.1018818962639,6
1763690708.150957,226,835,1274,981,1048,146,1058.1209760703168,6
1763690708.188022,226,835,1271,981,1045,146,1055.1497524048423,6
1763690708.230919,226,835,1271,981,1045,146,1055.1497524048423,6
1763690708.268516,226,835,1268,981,1042,146,1052.178692048076,6
1763690708.304926,226,835,1279,981,1053,146,1063.0733747018594,6
1763690708.342765,226,835,1279,981,1053,146,1063.0733747018594,6
1763690708.379895,226,835,1279,981,1053,146,1063.0733747018594,6
1763690708.422399,226,835,1279,981,1053,146,1063.0733747018594,6
1763690708.458035,226,835,1281,981,1055,146,1065.0544587015258,6
1763690708.494708,226,835,1281,981,1055,146,1065.0544587015258,6
1763690708.531677,226,835,1279,981,1053,146,1063.0733747018594,6
1763690708.566936,226,835,1279,981,1053,146,1063.0733747018594,6
1763690708.6028259,226,835,1279,981,1053,146,1063.0733747018594,6
1763690708.638449,226,835,1279,981,1053,146,1063.0733747018594,6
1763690708.6750772,226,835,1279,981,1053,146,1063.0733747018594,6
1763690708.711197,226,835,1337,981,1111,146,1120.5520960669344,6
1763690708.748283,226,835,1354,981,1128,146,1137.4093370462544,6
1763690708.7909272,226,835,1354,981,1128,146,1137.4093370462544,6
1763690708.829331,226,835,1354,981,1128,146,1137.4093370462544,6
1763690708.866566,226,835,1352,981,1126,146,1135.4259112773498,6
1763690708.908437,226,835,1352,981,1126,146,1135.4259112773498,6
1763690708.946652,226,835,1349,981,1123,146,1132.450881937049,6
1763690708.983228,226,835,1347,981,1121,146,1130.4676023663835,6
1763690709.022882,226,835,1344,981,1118,146,1127.4927937685457,6
1763690709.0628622,226,835,1344,981,1118,146,1127.4927937685457,6
1763690709.09895,226,835,1344,981,1118,146,1127.4927937685457,6
1763690709.1398559,756,835,1347,981,591,146,608.7667862161995,7
1763690709.1828742,756,835,1352,981,596,146,613.6220335027092,7
1763690709.22103,756,835,1354,981,598,146,615.5647813187496,7
1763690709.2582662,756,835,1349,981,593,146,610.7086048190249,7
1763690709.2937999,756,835,1347,981,591,146,608.7667862161995,7
1763690709.33044,756,835,1344,981,588,146,605.8547680756503,7
1763690709.3706062,756,835,1347,981,591,146,608.7667862161995,7
1763690709.40658,756,835,1347,981,591,146,608.7667862161995,7
1763690709.442105,756,835,1347,981,591,146,608.7667862161995,7
1763690709.4771461,756,835,1347,981,591,146,608.7667862161995,7
1763690709.512981,756,835,1349,981,593,146,610.7086048190249,7
1763690709.5501041,756,835,1511,12,755,-823,1116.8500346957958,7
1763690709.586113,756,835,1511,25,755,-810,1107.3052876239688,7
1763690709.619054,756,835,1357,981,601,146,618.4795873753636,7
1763690709.653148,756,835,1357,981,601,146,618.4795873753636,7
1763690709.692585,756,835,1357,981,601,146,618.4795873753636,7
1763690709.7305632,756,835,1359,981,603,146,620.4232426336073,7
1763690709.767203,756,835,1359,981,603,146,620.4232426336073,7
1763690709.801557,756,835,1359,981,603,146,620.4232426336073,7
1763690709.843766,756,835,1357,981,601,146,618.4795873753636,7
1763690709.879721,756,835,1359,981,603,146,620.4232426336073,7
1763690709.9138,756,835,1362,981,606,146,623.3393939099309,7
1763690709.948799,756,835,1362,981,606,146,623.3393939099309,7
1763690709.985657,756,835,1359,981,603,146,620.4232426336073,7
1763690710.021589,756,835,1357,981,601,146,618.4795873753636,7
1763690710.056463,756,835,1357,981,601,146,618.4795873753636,7
1763690710.091091,756,835,1359,981,603,146,620.4232426336073,7
1763690710.133419,756,835,1359,981,603,146,620.4232426336073,7
1763690710.1697521,756,835,1359,981,603,146,620.4232426336073,7
1763690710.2031062,756,835,1359,981,603,146,620.4232426336073,7
1763690710.24596,756,835,1357,981,601,146,618.4795873753636,7
1763690710.280156,756,835,1357,981,601,146,618.4795873753636,7
1763690710.31523,756,835,1354,981,598,146,615.5647813187496,7
1763690710.351985,756,835,1349,981,593,146,610.7086048190249,7
1763690710.3862379,756,835,1349,981,593,146,610.7086048190249,7
1763690710.420938,756,835,1349,981,593,146,610.7086048190249,7
1763690710.458688,756,835,1349,981,593,146,610.7086048190249,7
1763690710.498444,756,835,1347,981,591,146,608.7667862161995,7
1763690710.541491,756,835,1347,981,591,146,608.7667862161995,7
1763690710.578051,756,835,1342,981,586,146,603.9139011481686,7
1763690710.620596,756,835,1342,981,586,146,603.9139011481686,7
1763690710.6567428,756,835,1342,981,586,146,603.9139011481686,7
1763690710.698838,756,835,1347,981,591,146,608.7667862161995,7
1763690710.7401102,756,835,1406,981,650,146,666.195166599098,7
1763690710.776864,756,835,1404,981,648,146,664.2439310976051,7
1763690710.818391,756,835,1399,981,643,146,659.3671208060044,7
1763690710.858328,756,835,1397,981,641,146,657.4169149025602,7
1763690710.901531,756,835,1399,981,643,146,659.3671208060044,7
1763690710.9463549,756,835,1401,981,645,146,661.3176241413803,7
1763690710.984153,756,835,1401,981,645,146,661.3176241413803,7
1763690711.020094,756,835,1399,981,643,146,659.3671208060044,7
1763690711.05707,756,835,1392,981,636,146,652.5427189081187,7
1763690711.091776,756,835,1389,981,633,146,649.6191191767681,7
1763690711.128754,756,835,1387,981,631,146,647.6704408879565,7
1763690711.163465,1286,835,1387,981,101,146,177.53027910753704,8
1763690711.205795,1286,835,1387,981,101,146,177.53027910753704,8
1763690711.242479,1286,835,1387,981,101,146,177.53027910753704,8
1763690711.2849338,1286,835,1389,981,103,146,178.67568385205638,8
1763690711.321341,1286,835,1392,981,106,146,180.42172818150257,8
1763690711.363484,1286,835,1394,981,108,146,181.60396471443016,8
1763690711.4057221,1286,835,1409,981,123,146,190.90573590125572,8
1763690711.4408882,1286,835,1409,981,123,146,190.90573590125572,8
1763690711.483397,1286,835,1409,981,123,146,190.90573590125572,8
1763690711.522122,1286,835,1414,981,128,146,194.164878389476,8
1763690711.5577312,1286,835,1416,981,130,146,195.48913013259843,8
1763690711.596707,1286,835,1416,981,130,146,195.48913013259843,8
1763690711.631546,1286,835,1416,981,130,146,195.48913013259843,8
1763690711.667288,1286,835,1414,981,128,146,194.164878389476,8
1763690711.709184,1286,835,1414,981,128,146,194.164878389476,8
1763690711.747392,1286,835,1414,981,128,146,194.164878389476,8
1763690711.7848089,1286,835,1416,981,130,146,195.48913013259843,8
1763690711.820231,1286,835,1416,981,130,146,195.48913013259843,8
1763690711.868553,1286,835,1414,981,128,146,194.164878389476,8
1763690711.907585,1286,835,1419,981,133,146,197.4968354176846,8
1763690711.9448519,1286,835,1416,981,130,146,195.48913013259843,8
1763690711.9803982,1286,835,1419,981,133,146,197.4968354176846,8
1763690712.019763,1286,835,1416,981,130,146,195.48913013259843,8
1763690712.062051,1286,835,1419,981,133,146,197.4968354176846,8
1763690712.097708,1286,835,1421,981,135,146,198.84918908559823,8
1763690712.1336699,1286,835,1421,981,135,146,198.84918908559823,8
1763690712.1735659,1286,835,1421,981,135,146,198.84918908559823,8
1763690712.212429,1286,835,1419,981,133,146,197.4968354176846,8
1763690712.25152,1286,835,1419,981,133,146,197.4968354176846,8
1763690712.2924328,1286,835,1421,981,135,146,198.84918908559823,8
1763690712.334375,1286,835,1421,981,135,146,198.84918908559823,8
1763690712.3720791,1286,835,1421,981,135,146,198.84918908559823,8
1763690712.408148,1286,835,1416,981,130,146,195.48913013259843,8
1763690712.4444091,1286,835,1414,981,128,146,194.164878389476,8
1763690712.4826822,1286,835,1411,981,125,146,192.20041623263984,8
1763690712.524544,1286,835,1409,981,123,146,190.90573590125572,8
1763690712.5666199,1286,835,1411,981,125,146,192.20041623263984,8
1763690712.604942,1286,835,1409,981,123,146,190.90573590125572,8
1763690712.642665,1286,835,1409,981,123,146,190.90573590125572,8
1763690712.6786518,1286,835,1411,981,125,146,192.20041623263984,8
1763690712.716864,1286,835,1414,981,128,146,194.164878389476,8
1763690712.753824,1286,835,1411,981,125,146,192.20041623263984,8
1763690712.78756,1286,835,1411,981,125,146,192.20041623263984,8
1763690712.825648,1286,835,1409,981,123,146,190.90573590125572,8
1763690712.8618398,1286,835,1406,981,120,146,188.98677202386415,8
1763690712.900566,1286,835,1406,981,120,146,188.98677202386415,8
1763690712.938674,1286,835,1406,981,120,146,188.98677202386415,8
1763690712.982235,1286,835,1406,981,120,146,188.98677202386415,8
1763690713.023463,1286,835,1404,981,118,146,187.72320048411703,8
1763690713.064437,1286,835,1406,981,120,146,188.98677202386415,8
1763690713.105076,1286,835,1409,981,123,146,190.90573590125572,8
1763690713.142928,1286,835,1409,981,123,146,190.90573590125572,8
